{"0.01--0.05-0.00--0.05-0.03-1.1.1": {"chunk_small": 0.03556, "chunk_medium": 0.0, "chunk_large": 0.0, "similarity_standard": 0.0, "similarity_mmr": 0.0}, "0.01--0.05-0.00--0.05-0.03-1.1.1-UCoE-": {"chunk_small": 0.038239999999999996, "chunk_medium": 0.0, "chunk_large": 0.0, "similarity_standard": 0.0, "similarity_mmr": 0.0}, "0.03--0.02--0.02--0.00-0.01-1.1.1-UCoE-": {"chunk_small": 0.0, "chunk_medium": 0.0, "chunk_large": 0.0, "similarity_standard": 0.095, "similarity_mmr": 0.98}, "0.03--0.02--0.02--0.00-0.01-UCoE-": {"chunk_small": 0.09250000000000001, "chunk_medium": 0.0, "chunk_large": 0.095, "similarity_standard": 0.0, "similarity_mmr": 0.0}, "0.04--0.05--0.04-0.02-0.02-UCoE-": {"chunk_small": 0.05009666666666666, "chunk_medium": 0.0, "chunk_large": 0.0, "similarity_standard": 0.0, "similarity_mmr": 0.0}, "-0.00--0.02--0.08-0.01-0.04-UCoE-": {"chunk_small": 0.023669999999999997, "chunk_medium": 0.0, "chunk_large": 0.0, "similarity_standard": 0.0, "similarity_mmr": 0.0}, "0.01--0.03--0.03--0.04-0.03-UCoE-": {"chunk_small": 0.04495, "chunk_medium": 0.0, "chunk_large": 0.0, "similarity_standard": 0.0, "similarity_mmr": 0.0}, "0.06--0.04--0.03-0.02-0.01-UCoE-": {"chunk_small": 0.08750000000000001, "chunk_medium": 0.0, "chunk_large": 0.0, "similarity_standard": 0.0, "similarity_mmr": 0.0}, "0.04--0.05--0.06--0.02-0.01-UCoE-": {"chunk_small": 0.043669999999999994, "chunk_medium": 0.0, "chunk_large": 0.0, "similarity_standard": 0.0, "similarity_mmr": 0.0}, "0.01--0.01--0.02--0.05-0.02-UCoE-": {"chunk_small": 0.135223, "chunk_medium": 0.0, "chunk_large": 0.0, "similarity_standard": 0.0, "similarity_mmr": 0.0}, "0.03--0.02--0.03--0.00-0.01-UCoE-": {"chunk_small": 0.47488, "chunk_medium": 0.0, "chunk_large": 0.0, "similarity_standard": 0.30133333333333334, "similarity_mmr": 0.0}, "0.02--0.04--0.05--0.03-0.02-UCoE-": {"chunk_small": 0.031744, "chunk_medium": 0.0, "chunk_large": 0.0, "similarity_standard": 0.0, "similarity_mmr": 0.0}, "0.01--0.06-0.00--0.04-0.03-UCoE-": {"chunk_small": 0.03617, "chunk_medium": 0.0, "chunk_large": 0.0, "similarity_standard": 0.0, "similarity_mmr": 0.0}, "0.02--0.01--0.05--0.03--0.01-UCoE-": {"chunk_small": 0.086875, "chunk_medium": 0.0, "chunk_large": 0.0, "similarity_standard": 0.0, "similarity_mmr": 0.0}, "0.03--0.02--0.08--0.03-0.06-Resum": {"chunk_small": 0.029169999999999998, "chunk_medium": 0.0, "chunk_large": 0.0, "similarity_standard": 0.029169999999999998, "similarity_mmr": 0.0}, "0.01--0.01--0.07--0.03-0.07-Resum": {"chunk_small": 0.078622, "chunk_medium": 0.0, "chunk_large": 0.0, "similarity_standard": 0.0, "similarity_mmr": 0.0}, "0.01--0.01--0.07--0.05-0.07-Resum": {"chunk_small": 0.05169000000000001, "chunk_medium": 0.0, "chunk_large": 0.0, "similarity_standard": 0.0, "similarity_mmr": 0.0}, "0.02--0.02--0.07--0.02-0.06-Resum": {"chunk_small": 0.04631, "chunk_medium": 0.0, "chunk_large": 0.0, "similarity_standard": 0.0, "similarity_mmr": 0.0}, "0.02--0.02--0.07--0.02-0.06-Aarya": {"chunk_small": 0.047836666666666666, "chunk_medium": 0.0, "chunk_large": 0.0, "similarity_standard": 0.0, "similarity_mmr": 0.0}, "0.05--0.00--0.07--0.03-0.05-Aarya": {"chunk_small": 0.07033666666666666, "chunk_medium": 0.0, "chunk_large": 0.0, "similarity_standard": 0.0, "similarity_mmr": 0.0}}